{"train": [3.409684842740986, 2.2154429882345066, 1.9677832596738574, 1.8652136594476834, 1.8086115524802409, 1.7739664819878591, 1.7485196674373789, 1.7286998822655477, 1.7120615076011336, 1.698081139107825], "val": [2.693374815441313, 2.331187577474685, 2.224151917866298, 2.1701929569244385, 2.1525636116663613, 2.1476964439664568, 2.136847041902088, 2.1310304573604038, 2.128276983896891, 2.122492483683995]}