{"train": [4.123313213455377, 3.0549991449027734, 2.637914080684374, 2.4653166585549626, 2.3786686764925546, 2.327045297484333, 2.2955056198330404, 2.2750170768114306, 2.2573634671980454, 2.242621405904021], "val": [3.6162890077426733, 3.0522565983778596, 2.856163766999908, 2.7839795564184127, 2.7555463108795366, 2.7469387622858514, 2.747587854499059, 2.750277429227008, 2.7559678791374562, 2.764819228885979]}